{"9ALEWSH7kxtYasgXZCkxbg==":"54688016-education-school-student-computer-network-technology-concept-stock-photo-1300x867.jpg","e5jWAijp7xMqe6xKK6SdpQ==":"kzlogotype-143x59.png","dg/m+Riff2QilTQOqIX0VQ==":"mbr-1620x1080.jpg","D0XAMUvP+9QuZnbeDHOA4w==":"mbr-1-1620x1080.jpg","Gmbx3s5qF+tP+z4906aNvA==":"mbr-1920x1080.jpg","rJZIr1FhRUMZ/tBa4ExSDg==":"schoolpage-897x507.png","QV0gKaoFYt6H6NiomUtZdg==":"mbr-1707x1080.jpg","VW1sA0WttgyDKAJdCRrUGg==":"1-970x566.jpg","evcF1XgiCRKkZlWvIBvQZw==":"1-1-970x566.jpg","48GwwgJQfsLkwFhIx9ejOA==":"2-970x566.jpg"}